/floyd/input/keys_and_background/gen_1000.jpg 330,473,431,513,0
/floyd/input/keys_and_background/gen_0999.jpg 96,373,224,508,0
/floyd/input/keys_and_background/gen_0998.jpg 28,282,113,371,0
/floyd/input/keys_and_background/gen_0997.jpg 120,207,327,289,0
/floyd/input/keys_and_background/gen_0996.jpg 73,206,246,329,0
/floyd/input/keys_and_background/gen_0995.jpg 103,279,199,369,0
/floyd/input/keys_and_background/gen_0994.jpg 100,364,208,516,0
/floyd/input/keys_and_background/gen_0993.jpg 490,55,588,284,0
/floyd/input/keys_and_background/gen_0992.jpg 63,269,139,351,0
/floyd/input/keys_and_background/gen_0991.jpg 513,287,755,395,0
/floyd/input/keys_and_background/gen_0990.jpg 477,595,636,719,0
/floyd/input/keys_and_background/gen_0989.jpg 357,619,409,684,0
/floyd/input/keys_and_background/gen_0988.jpg 349,148,571,365,0
/floyd/input/keys_and_background/gen_0987.jpg 287,586,329,726,0
/floyd/input/keys_and_background/gen_0986.jpg 343,69,555,301,0
/floyd/input/keys_and_background/gen_0985.jpg 37,575,101,638,0
/floyd/input/keys_and_background/gen_0984.jpg 547,294,673,456,0
/floyd/input/keys_and_background/gen_0983.jpg 111,441,326,606,0
/floyd/input/keys_and_background/gen_0982.jpg 478,278,601,397,0
/floyd/input/keys_and_background/gen_0981.jpg 461,135,709,372,0
/floyd/input/keys_and_background/gen_0980.jpg 598,262,716,456,0
/floyd/input/keys_and_background/gen_0979.jpg 2,38,135,182,0
/floyd/input/keys_and_background/gen_0978.jpg 75,215,212,366,0
/floyd/input/keys_and_background/gen_0977.jpg 404,113,524,173,0
/floyd/input/keys_and_background/gen_0976.jpg 357,123,437,221,0
/floyd/input/keys_and_background/gen_0975.jpg 501,45,597,161,0
/floyd/input/keys_and_background/gen_0974.jpg 263,575,385,712,0
/floyd/input/keys_and_background/gen_0973.jpg 297,396,516,646,0
/floyd/input/keys_and_background/gen_0972.jpg 592,415,647,551,0
/floyd/input/keys_and_background/gen_0971.jpg 462,1,618,156,0
/floyd/input/keys_and_background/gen_0970.jpg 442,547,522,637,0
/floyd/input/keys_and_background/gen_0969.jpg 141,121,237,308,0
/floyd/input/keys_and_background/gen_0968.jpg 627,530,794,671,0
/floyd/input/keys_and_background/gen_0967.jpg 89,301,234,461,0
/floyd/input/keys_and_background/gen_0966.jpg 332,447,434,580,0
/floyd/input/keys_and_background/gen_0965.jpg 288,423,378,647,0
/floyd/input/keys_and_background/gen_0964.jpg 177,322,247,395,0
/floyd/input/keys_and_background/gen_0963.jpg 483,403,604,526,0
/floyd/input/keys_and_background/gen_0962.jpg 37,117,171,176,0
/floyd/input/keys_and_background/gen_0961.jpg 366,394,463,516,0
/floyd/input/keys_and_background/gen_0960.jpg 517,512,757,751,0
/floyd/input/keys_and_background/gen_0959.jpg 542,108,573,177,0
/floyd/input/keys_and_background/gen_0958.jpg 491,233,593,361,0
/floyd/input/keys_and_background/gen_0957.jpg 163,427,336,594,0
/floyd/input/keys_and_background/gen_0956.jpg 366,320,524,542,0
/floyd/input/keys_and_background/gen_0955.jpg 418,92,478,211,0
/floyd/input/keys_and_background/gen_0954.jpg 468,405,561,524,0
/floyd/input/keys_and_background/gen_0953.jpg 28,520,245,755,0
/floyd/input/keys_and_background/gen_0952.jpg 226,243,302,277,0
/floyd/input/keys_and_background/gen_0951.jpg 84,511,170,581,0
/floyd/input/keys_and_background/gen_0950.jpg 357,418,449,502,0
/floyd/input/keys_and_background/gen_0949.jpg 353,27,484,85,0
/floyd/input/keys_and_background/gen_0948.jpg 319,163,385,293,0
/floyd/input/keys_and_background/gen_0947.jpg 615,52,695,116,0
/floyd/input/keys_and_background/gen_0946.jpg 138,267,236,362,0
/floyd/input/keys_and_background/gen_0945.jpg 169,467,347,631,0
/floyd/input/keys_and_background/gen_0944.jpg 261,505,344,740,0
/floyd/input/keys_and_background/gen_0943.jpg 393,152,578,330,0
/floyd/input/keys_and_background/gen_0942.jpg 143,64,259,131,0
/floyd/input/keys_and_background/gen_0941.jpg 276,102,362,160,0
/floyd/input/keys_and_background/gen_0940.jpg 420,103,667,336,0
/floyd/input/keys_and_background/gen_0939.jpg 166,403,363,569,0
/floyd/input/keys_and_background/gen_0938.jpg 87,13,225,142,0
/floyd/input/keys_and_background/gen_0937.jpg 407,136,603,342,0
/floyd/input/keys_and_background/gen_0936.jpg 413,123,516,169,0
/floyd/input/keys_and_background/gen_0935.jpg 631,146,721,206,0
/floyd/input/keys_and_background/gen_0934.jpg 558,521,710,597,0
/floyd/input/keys_and_background/gen_0933.jpg 82,264,161,328,0
/floyd/input/keys_and_background/gen_0932.jpg 101,599,233,675,0
/floyd/input/keys_and_background/gen_0931.jpg 556,287,771,462,0
/floyd/input/keys_and_background/gen_0930.jpg 506,292,741,382,0
/floyd/input/keys_and_background/gen_0929.jpg 352,310,488,437,0
/floyd/input/keys_and_background/gen_0928.jpg 398,479,508,699,0
/floyd/input/keys_and_background/gen_0927.jpg 337,440,452,506,0
/floyd/input/keys_and_background/gen_0926.jpg 399,466,497,563,0
/floyd/input/keys_and_background/gen_0925.jpg 13,37,103,117,0
/floyd/input/keys_and_background/gen_0924.jpg 431,707,491,765,0
/floyd/input/keys_and_background/gen_0923.jpg 51,221,286,400,0
/floyd/input/keys_and_background/gen_0922.jpg 332,42,506,234,0
/floyd/input/keys_and_background/gen_0921.jpg 469,115,597,294,0
/floyd/input/keys_and_background/gen_0920.jpg 17,15,147,62,0
/floyd/input/keys_and_background/gen_0919.jpg 413,256,482,324,0
/floyd/input/keys_and_background/gen_0918.jpg 407,12,513,120,0
/floyd/input/keys_and_background/gen_0917.jpg 205,161,320,287,0
/floyd/input/keys_and_background/gen_0916.jpg 294,484,411,608,0
/floyd/input/keys_and_background/gen_0915.jpg 647,577,723,653,0
/floyd/input/keys_and_background/gen_0914.jpg 21,480,158,617,0
/floyd/input/keys_and_background/gen_0913.jpg 519,32,602,137,0
/floyd/input/keys_and_background/gen_0912.jpg 474,162,711,293,0
/floyd/input/keys_and_background/gen_0911.jpg 211,498,408,711,0
/floyd/input/keys_and_background/gen_0910.jpg 355,75,532,199,0
/floyd/input/keys_and_background/gen_0909.jpg 100,524,299,604,0
/floyd/input/keys_and_background/gen_0908.jpg 511,216,637,348,0
/floyd/input/keys_and_background/gen_0907.jpg 359,430,427,492,0
/floyd/input/keys_and_background/gen_0906.jpg 45,518,173,689,0
/floyd/input/keys_and_background/gen_0905.jpg 105,336,306,407,0
/floyd/input/keys_and_background/gen_0904.jpg 84,383,318,595,0
/floyd/input/keys_and_background/gen_0903.jpg 86,290,330,533,0
/floyd/input/keys_and_background/gen_0902.jpg 267,323,428,445,0
/floyd/input/keys_and_background/gen_0901.jpg 548,478,608,513,0
/floyd/input/keys_and_background/gen_0900.jpg 219,331,374,441,0
/floyd/input/keys_and_background/gen_0899.jpg 178,284,367,498,0
/floyd/input/keys_and_background/gen_0898.jpg 281,60,449,222,0
/floyd/input/keys_and_background/gen_0897.jpg 149,142,344,328,0
/floyd/input/keys_and_background/gen_0896.jpg 87,56,311,285,0
/floyd/input/keys_and_background/gen_0895.jpg 316,212,424,272,0
/floyd/input/keys_and_background/gen_0894.jpg 198,523,301,706,0
/floyd/input/keys_and_background/gen_0893.jpg 657,64,778,154,0
/floyd/input/keys_and_background/gen_0892.jpg 247,401,391,537,0
/floyd/input/keys_and_background/gen_0891.jpg 562,153,625,181,0
/floyd/input/keys_and_background/gen_0890.jpg 49,276,278,451,0
/floyd/input/keys_and_background/gen_0889.jpg 279,106,443,263,0
/floyd/input/keys_and_background/gen_0888.jpg 615,135,677,288,0
/floyd/input/keys_and_background/gen_0887.jpg 280,160,490,330,0
/floyd/input/keys_and_background/gen_0886.jpg 523,237,691,333,0
/floyd/input/keys_and_background/gen_0885.jpg 396,582,575,717,0
/floyd/input/keys_and_background/gen_0884.jpg 424,141,497,201,0
/floyd/input/keys_and_background/gen_0883.jpg 46,382,270,626,0
/floyd/input/keys_and_background/gen_0882.jpg 323,168,523,308,0
/floyd/input/keys_and_background/gen_0881.jpg 13,183,161,390,0
/floyd/input/keys_and_background/gen_0880.jpg 564,133,794,363,0
/floyd/input/keys_and_background/gen_0879.jpg 530,142,747,363,0
/floyd/input/keys_and_background/gen_0878.jpg 265,128,333,263,0
/floyd/input/keys_and_background/gen_0877.jpg 171,441,318,579,0
/floyd/input/keys_and_background/gen_0876.jpg 430,308,622,518,0
/floyd/input/keys_and_background/gen_0875.jpg 296,204,457,399,0
/floyd/input/keys_and_background/gen_0874.jpg 698,188,773,241,0
/floyd/input/keys_and_background/gen_0873.jpg 360,370,467,413,0
/floyd/input/keys_and_background/gen_0872.jpg 534,482,648,534,0
/floyd/input/keys_and_background/gen_0871.jpg 252,127,370,341,0
/floyd/input/keys_and_background/gen_0870.jpg 50,350,284,563,0
/floyd/input/keys_and_background/gen_0869.jpg 635,362,756,442,0
/floyd/input/keys_and_background/gen_0868.jpg 53,411,201,540,0
/floyd/input/keys_and_background/gen_0867.jpg 292,131,438,303,0
/floyd/input/keys_and_background/gen_0866.jpg 127,572,150,636,0
/floyd/input/keys_and_background/gen_0865.jpg 233,117,285,263,0
/floyd/input/keys_and_background/gen_0864.jpg 347,358,535,439,0
/floyd/input/keys_and_background/gen_0863.jpg 624,429,754,572,0
/floyd/input/keys_and_background/gen_0862.jpg 116,623,177,683,0
/floyd/input/keys_and_background/gen_0861.jpg 560,286,796,508,0
/floyd/input/keys_and_background/gen_0860.jpg 27,68,106,126,0
/floyd/input/keys_and_background/gen_0859.jpg 477,449,676,549,0
/floyd/input/keys_and_background/gen_0858.jpg 452,507,528,583,0
/floyd/input/keys_and_background/gen_0857.jpg 582,529,687,571,0
/floyd/input/keys_and_background/gen_0856.jpg 89,285,269,434,0
/floyd/input/keys_and_background/gen_0855.jpg 448,264,489,366,0
/floyd/input/keys_and_background/gen_0854.jpg 234,15,401,172,0
/floyd/input/keys_and_background/gen_0853.jpg 115,469,346,685,0
/floyd/input/keys_and_background/gen_0852.jpg 38,165,149,226,0
/floyd/input/keys_and_background/gen_0851.jpg 686,345,731,458,0
/floyd/input/keys_and_background/gen_0850.jpg 632,220,751,366,0
/floyd/input/keys_and_background/gen_0849.jpg 515,584,654,719,0
/floyd/input/keys_and_background/gen_0848.jpg 353,180,502,289,0
/floyd/input/keys_and_background/gen_0847.jpg 663,683,723,743,0
/floyd/input/keys_and_background/gen_0846.jpg 200,106,276,181,0
/floyd/input/keys_and_background/gen_0845.jpg 610,407,761,557,0
/floyd/input/keys_and_background/gen_0844.jpg 217,258,401,462,0
/floyd/input/keys_and_background/gen_0843.jpg 41,86,251,326,0
/floyd/input/keys_and_background/gen_0842.jpg 667,629,756,727,0
/floyd/input/keys_and_background/gen_0841.jpg 329,461,554,633,0
/floyd/input/keys_and_background/gen_0840.jpg 288,486,388,626,0
/floyd/input/keys_and_background/gen_0839.jpg 173,529,295,715,0
/floyd/input/keys_and_background/gen_0838.jpg 19,339,263,579,0
/floyd/input/keys_and_background/gen_0837.jpg 132,502,257,615,0
/floyd/input/keys_and_background/gen_0836.jpg 683,97,753,172,0
/floyd/input/keys_and_background/gen_0835.jpg 686,499,730,610,0
/floyd/input/keys_and_background/gen_0834.jpg 675,99,731,161,0
/floyd/input/keys_and_background/gen_0833.jpg 349,548,406,609,0
/floyd/input/keys_and_background/gen_0832.jpg 379,140,552,209,0
/floyd/input/keys_and_background/gen_0831.jpg 231,136,359,251,0
/floyd/input/keys_and_background/gen_0830.jpg 13,321,147,491,0
/floyd/input/keys_and_background/gen_0829.jpg 5,299,115,536,0
/floyd/input/keys_and_background/gen_0828.jpg 647,229,742,313,0
/floyd/input/keys_and_background/gen_0827.jpg 399,655,501,783,0
/floyd/input/keys_and_background/gen_0826.jpg 21,331,187,402,0
/floyd/input/keys_and_background/gen_0825.jpg 222,139,283,215,0
/floyd/input/keys_and_background/gen_0824.jpg 219,385,355,566,0
/floyd/input/keys_and_background/gen_0823.jpg 65,356,242,474,0
/floyd/input/keys_and_background/gen_0822.jpg 470,508,660,678,0
/floyd/input/keys_and_background/gen_0821.jpg 264,510,484,703,0
/floyd/input/keys_and_background/gen_0820.jpg 176,315,417,558,0
/floyd/input/keys_and_background/gen_0819.jpg 297,145,467,268,0
/floyd/input/keys_and_background/gen_0818.jpg 434,271,564,379,0
/floyd/input/keys_and_background/gen_0817.jpg 468,47,589,257,0
/floyd/input/keys_and_background/gen_0816.jpg 85,134,161,172,0
/floyd/input/keys_and_background/gen_0815.jpg 78,128,263,302,0
/floyd/input/keys_and_background/gen_0814.jpg 386,353,469,436,0
/floyd/input/keys_and_background/gen_0813.jpg 450,656,514,797,0
/floyd/input/keys_and_background/gen_0812.jpg 515,222,614,337,0
/floyd/input/keys_and_background/gen_0811.jpg 384,584,474,678,0
/floyd/input/keys_and_background/gen_0810.jpg 430,620,521,753,0
/floyd/input/keys_and_background/gen_0809.jpg 533,10,699,219,0
/floyd/input/keys_and_background/gen_0808.jpg 114,101,321,220,0
/floyd/input/keys_and_background/gen_0807.jpg 94,453,298,652,0
/floyd/input/keys_and_background/gen_0806.jpg 2,146,92,361,0
/floyd/input/keys_and_background/gen_0805.jpg 112,225,289,391,0
/floyd/input/keys_and_background/gen_0804.jpg 346,397,430,440,0
/floyd/input/keys_and_background/gen_0803.jpg 308,453,402,552,0
/floyd/input/keys_and_background/gen_0802.jpg 58,150,257,336,0
/floyd/input/keys_and_background/gen_0801.jpg 378,415,420,521,0
/floyd/input/keys_and_background/gen_0800.jpg 179,629,327,752,0
/floyd/input/keys_and_background/gen_0799.jpg 418,399,489,473,0
/floyd/input/keys_and_background/gen_0798.jpg 363,332,459,499,0
/floyd/input/keys_and_background/gen_0797.jpg 308,487,546,705,0
/floyd/input/keys_and_background/gen_0796.jpg 547,274,695,440,0
/floyd/input/keys_and_background/gen_0795.jpg 50,75,200,233,0
/floyd/input/keys_and_background/gen_0794.jpg 572,188,644,370,0
/floyd/input/keys_and_background/gen_0793.jpg 107,511,211,623,0
/floyd/input/keys_and_background/gen_0792.jpg 38,583,183,765,0
/floyd/input/keys_and_background/gen_0791.jpg 561,44,638,126,0
/floyd/input/keys_and_background/gen_0790.jpg 477,394,668,515,0
/floyd/input/keys_and_background/gen_0789.jpg 645,631,751,705,0
/floyd/input/keys_and_background/gen_0788.jpg 567,76,715,205,0
/floyd/input/keys_and_background/gen_0787.jpg 234,420,386,488,0
/floyd/input/keys_and_background/gen_0786.jpg 447,125,597,189,0
/floyd/input/keys_and_background/gen_0785.jpg 623,364,667,436,0
/floyd/input/keys_and_background/gen_0784.jpg 327,231,526,307,0
/floyd/input/keys_and_background/gen_0783.jpg 227,227,477,398,0
/floyd/input/keys_and_background/gen_0782.jpg 102,90,263,237,0
/floyd/input/keys_and_background/gen_0781.jpg 235,606,424,795,0
/floyd/input/keys_and_background/gen_0780.jpg 9,239,87,304,0
/floyd/input/keys_and_background/gen_0779.jpg 79,410,282,524,0
/floyd/input/keys_and_background/gen_0778.jpg 164,186,306,430,0
/floyd/input/keys_and_background/gen_0777.jpg 184,217,275,435,0
/floyd/input/keys_and_background/gen_0776.jpg 275,381,363,437,0
/floyd/input/keys_and_background/gen_0775.jpg 2,96,92,186,0
/floyd/input/keys_and_background/gen_0774.jpg 394,105,533,245,0
/floyd/input/keys_and_background/gen_0773.jpg 432,373,523,482,0
/floyd/input/keys_and_background/gen_0772.jpg 612,481,722,564,0
/floyd/input/keys_and_background/gen_0771.jpg 21,170,187,364,0
/floyd/input/keys_and_background/gen_0770.jpg 359,279,425,397,0
/floyd/input/keys_and_background/gen_0769.jpg 257,478,336,558,0
/floyd/input/keys_and_background/gen_0768.jpg 361,688,453,754,0
/floyd/input/keys_and_background/gen_0767.jpg 109,508,197,608,0
/floyd/input/keys_and_background/gen_0766.jpg 315,299,557,401,0
/floyd/input/keys_and_background/gen_0765.jpg 252,104,478,349,0
/floyd/input/keys_and_background/gen_0764.jpg 476,504,718,734,0
/floyd/input/keys_and_background/gen_0763.jpg 147,75,265,238,0
/floyd/input/keys_and_background/gen_0762.jpg 454,669,517,737,0
/floyd/input/keys_and_background/gen_0761.jpg 190,492,394,679,0
/floyd/input/keys_and_background/gen_0760.jpg 220,274,408,481,0
/floyd/input/keys_and_background/gen_0759.jpg 574,231,685,339,0
/floyd/input/keys_and_background/gen_0758.jpg 190,454,279,540,0
/floyd/input/keys_and_background/gen_0757.jpg 245,538,389,639,0
/floyd/input/keys_and_background/gen_0756.jpg 32,592,195,744,0
/floyd/input/keys_and_background/gen_0755.jpg 441,406,649,604,0
/floyd/input/keys_and_background/gen_0754.jpg 117,540,343,710,0
/floyd/input/keys_and_background/gen_0753.jpg 439,387,566,480,0
/floyd/input/keys_and_background/gen_0752.jpg 90,97,272,236,0
/floyd/input/keys_and_background/gen_0751.jpg 596,347,790,459,0
/floyd/input/keys_and_background/gen_0750.jpg 8,326,231,571,0
/floyd/input/keys_and_background/gen_0749.jpg 375,385,564,547,0
/floyd/input/keys_and_background/gen_0748.jpg 203,552,411,750,0
/floyd/input/keys_and_background/gen_0747.jpg 339,603,465,653,0
/floyd/input/keys_and_background/gen_0746.jpg 149,463,342,656,0
/floyd/input/keys_and_background/gen_0745.jpg 358,411,440,442,0
/floyd/input/keys_and_background/gen_0744.jpg 494,560,720,721,0
/floyd/input/keys_and_background/gen_0743.jpg 167,7,353,206,0
/floyd/input/keys_and_background/gen_0742.jpg 149,217,242,308,0
/floyd/input/keys_and_background/gen_0741.jpg 577,466,670,523,0
/floyd/input/keys_and_background/gen_0740.jpg 428,510,677,747,0
/floyd/input/keys_and_background/gen_0739.jpg 654,414,789,536,0
/floyd/input/keys_and_background/gen_0738.jpg 67,417,284,549,0
/floyd/input/keys_and_background/gen_0737.jpg 257,132,483,352,0
/floyd/input/keys_and_background/gen_0736.jpg 470,122,584,309,0
/floyd/input/keys_and_background/gen_0735.jpg 126,312,345,409,0
/floyd/input/keys_and_background/gen_0734.jpg 419,127,515,195,0
/floyd/input/keys_and_background/gen_0733.jpg 616,614,760,697,0
/floyd/input/keys_and_background/gen_0732.jpg 51,554,278,649,0
/floyd/input/keys_and_background/gen_0731.jpg 186,467,409,665,0
/floyd/input/keys_and_background/gen_0730.jpg 244,132,382,322,0
/floyd/input/keys_and_background/gen_0729.jpg 248,462,382,696,0
/floyd/input/keys_and_background/gen_0728.jpg 276,519,364,715,0
/floyd/input/keys_and_background/gen_0727.jpg 95,275,214,399,0
/floyd/input/keys_and_background/gen_0726.jpg 565,166,757,354,0
/floyd/input/keys_and_background/gen_0725.jpg 562,495,661,597,0
/floyd/input/keys_and_background/gen_0724.jpg 317,427,493,621,0
/floyd/input/keys_and_background/gen_0723.jpg 577,260,781,445,0
/floyd/input/keys_and_background/gen_0722.jpg 79,476,245,642,0
/floyd/input/keys_and_background/gen_0721.jpg 447,199,613,336,0
/floyd/input/keys_and_background/gen_0720.jpg 81,264,305,508,0
/floyd/input/keys_and_background/gen_0719.jpg 52,178,197,283,0
/floyd/input/keys_and_background/gen_0718.jpg 59,2,135,86,0
/floyd/input/keys_and_background/gen_0717.jpg 586,445,711,595,0
/floyd/input/keys_and_background/gen_0716.jpg 49,17,146,127,0
/floyd/input/keys_and_background/gen_0715.jpg 140,43,312,233,0
/floyd/input/keys_and_background/gen_0714.jpg 700,33,792,121,0
/floyd/input/keys_and_background/gen_0713.jpg 490,233,577,309,0
/floyd/input/keys_and_background/gen_0712.jpg 240,26,462,238,0
/floyd/input/keys_and_background/gen_0711.jpg 258,157,310,293,0
/floyd/input/keys_and_background/gen_0710.jpg 166,340,389,579,0
/floyd/input/keys_and_background/gen_0709.jpg 18,137,207,333,0
/floyd/input/keys_and_background/gen_0708.jpg 469,454,571,556,0
/floyd/input/keys_and_background/gen_0707.jpg 5,503,172,641,0
/floyd/input/keys_and_background/gen_0706.jpg 390,234,471,314,0
/floyd/input/keys_and_background/gen_0705.jpg 453,98,545,314,0
/floyd/input/keys_and_background/gen_0704.jpg 510,90,719,195,0
/floyd/input/keys_and_background/gen_0703.jpg 625,646,678,778,0
/floyd/input/keys_and_background/gen_0702.jpg 590,535,681,620,0
/floyd/input/keys_and_background/gen_0701.jpg 103,387,145,491,0
/floyd/input/keys_and_background/gen_0700.jpg 156,282,317,454,0
/floyd/input/keys_and_background/gen_0699.jpg 82,355,307,588,0
/floyd/input/keys_and_background/gen_0698.jpg 410,269,481,410,0
/floyd/input/keys_and_background/gen_0697.jpg 77,393,132,523,0
/floyd/input/keys_and_background/gen_0696.jpg 96,310,272,536,0
/floyd/input/keys_and_background/gen_0695.jpg 214,64,410,243,0
/floyd/input/keys_and_background/gen_0694.jpg 141,398,275,531,0
/floyd/input/keys_and_background/gen_0693.jpg 503,457,529,521,0
/floyd/input/keys_and_background/gen_0692.jpg 128,455,290,570,0
/floyd/input/keys_and_background/gen_0691.jpg 167,587,317,789,0
/floyd/input/keys_and_background/gen_0690.jpg 160,337,279,412,0
/floyd/input/keys_and_background/gen_0689.jpg 88,283,226,412,0
/floyd/input/keys_and_background/gen_0688.jpg 365,162,441,241,0
/floyd/input/keys_and_background/gen_0687.jpg 21,77,245,324,0
/floyd/input/keys_and_background/gen_0686.jpg 422,175,491,230,0
/floyd/input/keys_and_background/gen_0685.jpg 135,647,217,757,0
/floyd/input/keys_and_background/gen_0684.jpg 314,631,389,683,0
/floyd/input/keys_and_background/gen_0683.jpg 498,437,668,545,0
/floyd/input/keys_and_background/gen_0682.jpg 385,314,441,415,0
/floyd/input/keys_and_background/gen_0681.jpg 70,58,109,155,0
/floyd/input/keys_and_background/gen_0680.jpg 610,264,779,393,0
/floyd/input/keys_and_background/gen_0679.jpg 170,33,346,220,0
/floyd/input/keys_and_background/gen_0678.jpg 388,127,587,211,0
/floyd/input/keys_and_background/gen_0677.jpg 106,462,237,585,0
/floyd/input/keys_and_background/gen_0676.jpg 195,156,235,257,0
/floyd/input/keys_and_background/gen_0675.jpg 569,16,658,209,0
/floyd/input/keys_and_background/gen_0674.jpg 18,278,234,517,0
/floyd/input/keys_and_background/gen_0673.jpg 345,469,561,718,0
/floyd/input/keys_and_background/gen_0672.jpg 321,28,526,238,0
/floyd/input/keys_and_background/gen_0671.jpg 413,158,486,284,0
/floyd/input/keys_and_background/gen_0670.jpg 97,524,318,761,0
/floyd/input/keys_and_background/gen_0669.jpg 110,43,281,221,0
/floyd/input/keys_and_background/gen_0668.jpg 292,459,474,663,0
/floyd/input/keys_and_background/gen_0667.jpg 279,59,376,168,0
/floyd/input/keys_and_background/gen_0666.jpg 305,383,383,481,0
/floyd/input/keys_and_background/gen_0665.jpg 632,585,739,714,0
/floyd/input/keys_and_background/gen_0664.jpg 182,520,366,728,0
/floyd/input/keys_and_background/gen_0663.jpg 475,304,716,405,0
/floyd/input/keys_and_background/gen_0662.jpg 335,204,372,309,0
/floyd/input/keys_and_background/gen_0661.jpg 449,514,564,640,0
/floyd/input/keys_and_background/gen_0660.jpg 549,448,782,684,0
/floyd/input/keys_and_background/gen_0659.jpg 75,581,204,679,0
/floyd/input/keys_and_background/gen_0658.jpg 369,312,449,386,0
/floyd/input/keys_and_background/gen_0657.jpg 431,129,606,353,0
/floyd/input/keys_and_background/gen_0656.jpg 646,171,778,272,0
/floyd/input/keys_and_background/gen_0655.jpg 284,726,341,796,0
/floyd/input/keys_and_background/gen_0654.jpg 4,500,201,654,0
/floyd/input/keys_and_background/gen_0653.jpg 244,186,324,263,0
/floyd/input/keys_and_background/gen_0652.jpg 436,417,601,597,0
/floyd/input/keys_and_background/gen_0651.jpg 301,201,424,443,0
/floyd/input/keys_and_background/gen_0650.jpg 454,144,563,194,0
/floyd/input/keys_and_background/gen_0649.jpg 271,35,418,186,0
/floyd/input/keys_and_background/gen_0648.jpg 229,275,448,412,0
/floyd/input/keys_and_background/gen_0647.jpg 652,630,750,675,0
/floyd/input/keys_and_background/gen_0646.jpg 542,569,617,637,0
/floyd/input/keys_and_background/gen_0645.jpg 102,502,273,685,0
/floyd/input/keys_and_background/gen_0644.jpg 553,425,636,486,0
/floyd/input/keys_and_background/gen_0643.jpg 297,554,449,686,0
/floyd/input/keys_and_background/gen_0642.jpg 176,622,349,747,0
/floyd/input/keys_and_background/gen_0641.jpg 36,580,161,684,0
/floyd/input/keys_and_background/gen_0640.jpg 338,244,455,362,0
/floyd/input/keys_and_background/gen_0639.jpg 585,105,685,163,0
/floyd/input/keys_and_background/gen_0638.jpg 48,676,90,794,0
/floyd/input/keys_and_background/gen_0637.jpg 589,380,788,568,0
/floyd/input/keys_and_background/gen_0636.jpg 619,452,714,584,0
/floyd/input/keys_and_background/gen_0635.jpg 261,302,400,448,0
/floyd/input/keys_and_background/gen_0634.jpg 603,264,726,340,0
/floyd/input/keys_and_background/gen_0633.jpg 340,492,544,697,0
/floyd/input/keys_and_background/gen_0632.jpg 151,595,324,682,0
/floyd/input/keys_and_background/gen_0631.jpg 254,232,346,303,0
/floyd/input/keys_and_background/gen_0630.jpg 89,55,230,116,0
/floyd/input/keys_and_background/gen_0629.jpg 439,513,653,656,0
/floyd/input/keys_and_background/gen_0628.jpg 445,23,614,251,0
/floyd/input/keys_and_background/gen_0627.jpg 90,606,165,629,0
/floyd/input/keys_and_background/gen_0626.jpg 21,342,194,442,0
/floyd/input/keys_and_background/gen_0625.jpg 480,23,608,196,0
/floyd/input/keys_and_background/gen_0624.jpg 508,85,620,240,0
/floyd/input/keys_and_background/gen_0623.jpg 557,41,791,276,0
/floyd/input/keys_and_background/gen_0622.jpg 441,453,570,647,0
/floyd/input/keys_and_background/gen_0621.jpg 326,391,504,557,0
/floyd/input/keys_and_background/gen_0620.jpg 497,529,747,629,0
/floyd/input/keys_and_background/gen_0619.jpg 70,207,196,321,0
/floyd/input/keys_and_background/gen_0618.jpg 145,459,321,679,0
/floyd/input/keys_and_background/gen_0617.jpg 384,501,615,738,0
/floyd/input/keys_and_background/gen_0616.jpg 375,585,443,720,0
/floyd/input/keys_and_background/gen_0615.jpg 321,140,558,350,0
/floyd/input/keys_and_background/gen_0614.jpg 77,582,285,791,0
/floyd/input/keys_and_background/gen_0613.jpg 502,574,614,714,0
/floyd/input/keys_and_background/gen_0612.jpg 496,280,697,381,0
/floyd/input/keys_and_background/gen_0611.jpg 182,446,335,615,0
/floyd/input/keys_and_background/gen_0610.jpg 560,211,626,267,0
/floyd/input/keys_and_background/gen_0609.jpg 91,294,224,412,0
/floyd/input/keys_and_background/gen_0608.jpg 516,508,732,743,0
/floyd/input/keys_and_background/gen_0607.jpg 81,32,183,132,0
/floyd/input/keys_and_background/gen_0606.jpg 93,487,143,575,0
/floyd/input/keys_and_background/gen_0605.jpg 199,369,413,536,0
/floyd/input/keys_and_background/gen_0604.jpg 127,310,248,424,0
/floyd/input/keys_and_background/gen_0603.jpg 445,97,518,201,0
/floyd/input/keys_and_background/gen_0602.jpg 528,721,602,762,0
/floyd/input/keys_and_background/gen_0601.jpg 406,500,483,608,0
/floyd/input/keys_and_background/gen_0600.jpg 469,242,613,424,0
/floyd/input/keys_and_background/gen_0599.jpg 133,150,260,328,0
/floyd/input/keys_and_background/gen_0598.jpg 519,594,610,714,0
/floyd/input/keys_and_background/gen_0597.jpg 255,442,419,615,0
/floyd/input/keys_and_background/gen_0596.jpg 173,270,335,478,0
/floyd/input/keys_and_background/gen_0595.jpg 458,139,536,293,0
/floyd/input/keys_and_background/gen_0594.jpg 62,387,132,462,0
/floyd/input/keys_and_background/gen_0593.jpg 95,446,260,621,0
/floyd/input/keys_and_background/gen_0592.jpg 124,344,302,544,0
/floyd/input/keys_and_background/gen_0591.jpg 568,347,730,495,0
/floyd/input/keys_and_background/gen_0590.jpg 535,252,600,382,0
/floyd/input/keys_and_background/gen_0589.jpg 424,267,532,391,0
/floyd/input/keys_and_background/gen_0588.jpg 351,540,397,656,0
/floyd/input/keys_and_background/gen_0587.jpg 163,110,322,237,0
/floyd/input/keys_and_background/gen_0586.jpg 476,266,693,423,0
/floyd/input/keys_and_background/gen_0585.jpg 605,311,764,367,0
/floyd/input/keys_and_background/gen_0584.jpg 275,368,515,617,0
/floyd/input/keys_and_background/gen_0583.jpg 582,356,715,481,0
/floyd/input/keys_and_background/gen_0582.jpg 270,312,409,465,0
/floyd/input/keys_and_background/gen_0581.jpg 291,238,370,321,0
/floyd/input/keys_and_background/gen_0580.jpg 374,576,497,688,0
/floyd/input/keys_and_background/gen_0579.jpg 358,55,435,132,0
/floyd/input/keys_and_background/gen_0578.jpg 72,179,279,273,0
/floyd/input/keys_and_background/gen_0577.jpg 339,359,403,405,0
/floyd/input/keys_and_background/gen_0576.jpg 504,472,666,553,0
/floyd/input/keys_and_background/gen_0575.jpg 244,463,416,572,0
/floyd/input/keys_and_background/gen_0574.jpg 24,448,131,552,0
/floyd/input/keys_and_background/gen_0573.jpg 464,139,550,308,0
/floyd/input/keys_and_background/gen_0572.jpg 59,423,156,532,0
/floyd/input/keys_and_background/gen_0571.jpg 362,172,536,247,0
/floyd/input/keys_and_background/gen_0570.jpg 176,65,234,195,0
/floyd/input/keys_and_background/gen_0569.jpg 144,385,328,532,0
/floyd/input/keys_and_background/gen_0568.jpg 568,451,633,484,0
/floyd/input/keys_and_background/gen_0567.jpg 144,487,310,619,0
/floyd/input/keys_and_background/gen_0566.jpg 273,379,472,532,0
/floyd/input/keys_and_background/gen_0565.jpg 195,205,383,450,0
/floyd/input/keys_and_background/gen_0564.jpg 374,56,552,223,0
/floyd/input/keys_and_background/gen_0563.jpg 3,271,68,444,0
/floyd/input/keys_and_background/gen_0562.jpg 111,187,178,282,0
/floyd/input/keys_and_background/gen_0561.jpg 2,520,119,617,0
/floyd/input/keys_and_background/gen_0560.jpg 348,156,424,227,0
/floyd/input/keys_and_background/gen_0559.jpg 426,602,565,728,0
/floyd/input/keys_and_background/gen_0558.jpg 330,329,507,419,0
/floyd/input/keys_and_background/gen_0557.jpg 199,104,429,335,0
/floyd/input/keys_and_background/gen_0556.jpg 269,149,497,314,0
/floyd/input/keys_and_background/gen_0555.jpg 153,512,267,648,0
/floyd/input/keys_and_background/gen_0554.jpg 508,655,581,741,0
/floyd/input/keys_and_background/gen_0553.jpg 224,140,345,377,0
/floyd/input/keys_and_background/gen_0552.jpg 565,375,760,516,0
/floyd/input/keys_and_background/gen_0551.jpg 155,156,362,383,0
/floyd/input/keys_and_background/gen_0550.jpg 360,355,422,401,0
/floyd/input/keys_and_background/gen_0549.jpg 133,19,280,211,0
/floyd/input/keys_and_background/gen_0548.jpg 314,136,508,204,0
/floyd/input/keys_and_background/gen_0547.jpg 430,6,539,219,0
/floyd/input/keys_and_background/gen_0546.jpg 424,650,471,716,0
/floyd/input/keys_and_background/gen_0545.jpg 557,76,614,203,0
/floyd/input/keys_and_background/gen_0544.jpg 325,599,399,664,0
/floyd/input/keys_and_background/gen_0543.jpg 646,103,791,238,0
/floyd/input/keys_and_background/gen_0542.jpg 214,305,350,460,0
/floyd/input/keys_and_background/gen_0541.jpg 394,313,588,517,0
/floyd/input/keys_and_background/gen_0540.jpg 528,48,637,103,0
/floyd/input/keys_and_background/gen_0539.jpg 136,655,280,783,0
/floyd/input/keys_and_background/gen_0538.jpg 139,359,190,459,0
/floyd/input/keys_and_background/gen_0537.jpg 1,420,134,565,0
/floyd/input/keys_and_background/gen_0536.jpg 19,574,156,710,0
/floyd/input/keys_and_background/gen_0535.jpg 556,184,720,414,0
/floyd/input/keys_and_background/gen_0534.jpg 40,157,266,376,0
/floyd/input/keys_and_background/gen_0533.jpg 562,235,689,288,0
/floyd/input/keys_and_background/gen_0532.jpg 539,438,766,582,0
/floyd/input/keys_and_background/gen_0531.jpg 486,412,639,578,0
/floyd/input/keys_and_background/gen_0530.jpg 588,69,715,279,0
/floyd/input/keys_and_background/gen_0529.jpg 509,160,753,263,0
/floyd/input/keys_and_background/gen_0528.jpg 541,81,636,121,0
/floyd/input/keys_and_background/gen_0527.jpg 682,571,736,648,0
/floyd/input/keys_and_background/gen_0526.jpg 211,455,289,649,0
/floyd/input/keys_and_background/gen_0525.jpg 27,22,157,198,0
/floyd/input/keys_and_background/gen_0524.jpg 208,10,343,130,0
/floyd/input/keys_and_background/gen_0523.jpg 456,553,550,590,0
/floyd/input/keys_and_background/gen_0522.jpg 88,614,140,676,0
/floyd/input/keys_and_background/gen_0521.jpg 469,586,598,685,0
/floyd/input/keys_and_background/gen_0520.jpg 155,459,222,647,0
/floyd/input/keys_and_background/gen_0519.jpg 625,112,688,269,0
/floyd/input/keys_and_background/gen_0518.jpg 205,323,302,492,0
/floyd/input/keys_and_background/gen_0517.jpg 213,44,441,125,0
/floyd/input/keys_and_background/gen_0516.jpg 575,619,740,749,0
/floyd/input/keys_and_background/gen_0515.jpg 56,341,135,514,0
/floyd/input/keys_and_background/gen_0514.jpg 631,392,746,509,0
/floyd/input/keys_and_background/gen_0513.jpg 99,158,338,382,0
/floyd/input/keys_and_background/gen_0512.jpg 56,288,187,487,0
/floyd/input/keys_and_background/gen_0511.jpg 290,597,388,726,0
/floyd/input/keys_and_background/gen_0510.jpg 457,446,536,600,0
/floyd/input/keys_and_background/gen_0509.jpg 63,324,280,550,0
/floyd/input/keys_and_background/gen_0508.jpg 577,575,689,726,0
/floyd/input/keys_and_background/gen_0507.jpg 253,418,466,617,0
/floyd/input/keys_and_background/gen_0506.jpg 569,518,635,571,0
/floyd/input/keys_and_background/gen_0505.jpg 542,411,750,576,0
/floyd/input/keys_and_background/gen_0504.jpg 184,169,385,311,0
/floyd/input/keys_and_background/gen_0503.jpg 49,410,260,541,0
/floyd/input/keys_and_background/gen_0502.jpg 451,221,583,407,0
/floyd/input/keys_and_background/gen_0501.jpg 135,9,219,113,0
/floyd/input/keys_and_background/gen_0500.jpg 2,162,220,346,0
/floyd/input/keys_and_background/gen_0499.jpg 425,468,593,637,0
/floyd/input/keys_and_background/gen_0498.jpg 412,510,514,686,0
/floyd/input/keys_and_background/gen_0497.jpg 428,383,626,548,0
/floyd/input/keys_and_background/gen_0496.jpg 77,401,306,587,0
/floyd/input/keys_and_background/gen_0495.jpg 402,320,467,386,0
/floyd/input/keys_and_background/gen_0494.jpg 180,639,295,747,0
/floyd/input/keys_and_background/gen_0493.jpg 282,326,522,572,0
/floyd/input/keys_and_background/gen_0492.jpg 580,475,640,644,0
/floyd/input/keys_and_background/gen_0491.jpg 437,607,594,737,0
/floyd/input/keys_and_background/gen_0490.jpg 12,315,259,502,0
/floyd/input/keys_and_background/gen_0489.jpg 468,104,608,250,0
/floyd/input/keys_and_background/gen_0488.jpg 262,71,483,315,0
/floyd/input/keys_and_background/gen_0487.jpg 116,503,276,551,0
/floyd/input/keys_and_background/gen_0486.jpg 396,591,424,657,0
/floyd/input/keys_and_background/gen_0485.jpg 453,312,655,529,0
/floyd/input/keys_and_background/gen_0484.jpg 141,137,222,231,0
/floyd/input/keys_and_background/gen_0483.jpg 477,215,642,422,0
/floyd/input/keys_and_background/gen_0482.jpg 429,365,484,504,0
/floyd/input/keys_and_background/gen_0481.jpg 337,231,447,345,0
/floyd/input/keys_and_background/gen_0480.jpg 156,67,353,224,0
/floyd/input/keys_and_background/gen_0479.jpg 659,159,732,203,0
/floyd/input/keys_and_background/gen_0478.jpg 242,229,326,465,0
/floyd/input/keys_and_background/gen_0477.jpg 215,549,353,701,0
/floyd/input/keys_and_background/gen_0476.jpg 565,298,720,503,0
/floyd/input/keys_and_background/gen_0475.jpg 24,552,196,695,0
/floyd/input/keys_and_background/gen_0474.jpg 227,523,387,708,0
/floyd/input/keys_and_background/gen_0473.jpg 169,292,234,357,0
/floyd/input/keys_and_background/gen_0472.jpg 653,366,747,446,0
/floyd/input/keys_and_background/gen_0471.jpg 520,116,689,236,0
/floyd/input/keys_and_background/gen_0470.jpg 382,22,508,144,0
/floyd/input/keys_and_background/gen_0469.jpg 103,181,251,285,0
/floyd/input/keys_and_background/gen_0468.jpg 301,120,525,301,0
/floyd/input/keys_and_background/gen_0467.jpg 523,47,772,191,0
/floyd/input/keys_and_background/gen_0466.jpg 87,280,241,481,0
/floyd/input/keys_and_background/gen_0465.jpg 220,600,385,750,0
/floyd/input/keys_and_background/gen_0464.jpg 442,316,561,454,0
/floyd/input/keys_and_background/gen_0463.jpg 441,442,514,515,0
/floyd/input/keys_and_background/gen_0462.jpg 371,125,613,279,0
/floyd/input/keys_and_background/gen_0461.jpg 74,107,296,185,0
/floyd/input/keys_and_background/gen_0460.jpg 78,571,175,674,0
/floyd/input/keys_and_background/gen_0459.jpg 400,123,591,284,0
/floyd/input/keys_and_background/gen_0458.jpg 361,387,521,615,0
/floyd/input/keys_and_background/gen_0457.jpg 497,363,652,496,0
/floyd/input/keys_and_background/gen_0456.jpg 45,168,157,213,0
/floyd/input/keys_and_background/gen_0455.jpg 508,291,621,415,0
/floyd/input/keys_and_background/gen_0454.jpg 524,546,652,688,0
/floyd/input/keys_and_background/gen_0453.jpg 429,494,600,731,0
/floyd/input/keys_and_background/gen_0452.jpg 398,433,634,664,0
/floyd/input/keys_and_background/gen_0451.jpg 513,452,592,537,0
/floyd/input/keys_and_background/gen_0450.jpg 169,126,257,224,0
/floyd/input/keys_and_background/gen_0449.jpg 336,495,462,558,0
/floyd/input/keys_and_background/gen_0448.jpg 549,248,796,466,0
/floyd/input/keys_and_background/gen_0447.jpg 304,158,487,330,0
/floyd/input/keys_and_background/gen_0446.jpg 528,521,615,712,0
/floyd/input/keys_and_background/gen_0445.jpg 435,211,524,323,0
/floyd/input/keys_and_background/gen_0444.jpg 501,657,621,705,0
/floyd/input/keys_and_background/gen_0443.jpg 203,213,427,313,0
/floyd/input/keys_and_background/gen_0442.jpg 669,511,779,632,0
/floyd/input/keys_and_background/gen_0441.jpg 568,52,694,229,0
/floyd/input/keys_and_background/gen_0440.jpg 590,114,779,247,0
/floyd/input/keys_and_background/gen_0439.jpg 92,179,214,379,0
/floyd/input/keys_and_background/gen_0438.jpg 62,355,131,510,0
/floyd/input/keys_and_background/gen_0437.jpg 495,6,682,155,0
/floyd/input/keys_and_background/gen_0436.jpg 423,99,630,293,0
/floyd/input/keys_and_background/gen_0435.jpg 31,395,272,516,0
/floyd/input/keys_and_background/gen_0434.jpg 367,548,549,726,0
/floyd/input/keys_and_background/gen_0433.jpg 169,438,385,633,0
/floyd/input/keys_and_background/gen_0432.jpg 17,121,195,246,0
/floyd/input/keys_and_background/gen_0431.jpg 150,98,327,286,0
/floyd/input/keys_and_background/gen_0430.jpg 303,333,446,459,0
/floyd/input/keys_and_background/gen_0429.jpg 226,154,345,275,0
/floyd/input/keys_and_background/gen_0428.jpg 256,343,346,440,0
/floyd/input/keys_and_background/gen_0427.jpg 413,533,539,672,0
/floyd/input/keys_and_background/gen_0426.jpg 201,358,418,581,0
/floyd/input/keys_and_background/gen_0425.jpg 221,231,328,344,0
/floyd/input/keys_and_background/gen_0424.jpg 465,381,618,519,0
/floyd/input/keys_and_background/gen_0423.jpg 18,394,242,623,0
/floyd/input/keys_and_background/gen_0422.jpg 449,273,643,492,0
/floyd/input/keys_and_background/gen_0421.jpg 86,477,165,556,0
/floyd/input/keys_and_background/gen_0420.jpg 17,684,85,729,0
/floyd/input/keys_and_background/gen_0419.jpg 145,97,385,200,0
/floyd/input/keys_and_background/gen_0418.jpg 30,394,214,629,0
/floyd/input/keys_and_background/gen_0417.jpg 296,319,441,447,0
/floyd/input/keys_and_background/gen_0416.jpg 469,301,663,413,0
/floyd/input/keys_and_background/gen_0415.jpg 111,718,166,787,0
/floyd/input/keys_and_background/gen_0414.jpg 594,29,669,96,0
/floyd/input/keys_and_background/gen_0413.jpg 70,134,115,236,0
/floyd/input/keys_and_background/gen_0412.jpg 443,44,563,105,0
/floyd/input/keys_and_background/gen_0411.jpg 467,439,715,552,0
/floyd/input/keys_and_background/gen_0410.jpg 219,162,274,285,0
/floyd/input/keys_and_background/gen_0409.jpg 423,548,503,588,0
/floyd/input/keys_and_background/gen_0408.jpg 226,80,317,174,0
/floyd/input/keys_and_background/gen_0407.jpg 489,242,652,425,0
/floyd/input/keys_and_background/gen_0406.jpg 257,270,488,373,0
/floyd/input/keys_and_background/gen_0405.jpg 608,335,755,398,0
/floyd/input/keys_and_background/gen_0404.jpg 222,572,331,789,0
/floyd/input/keys_and_background/gen_0403.jpg 582,237,669,368,0
/floyd/input/keys_and_background/gen_0402.jpg 409,534,492,769,0
/floyd/input/keys_and_background/gen_0401.jpg 517,642,672,789,0
/floyd/input/keys_and_background/gen_0400.jpg 162,268,306,377,0
/floyd/input/keys_and_background/gen_0399.jpg 391,396,462,632,0
/floyd/input/keys_and_background/gen_0398.jpg 25,575,138,626,0
/floyd/input/keys_and_background/gen_0397.jpg 154,410,402,553,0
/floyd/input/keys_and_background/gen_0396.jpg 38,313,273,496,0
/floyd/input/keys_and_background/gen_0395.jpg 366,28,562,183,0
/floyd/input/keys_and_background/gen_0394.jpg 27,305,210,545,0
/floyd/input/keys_and_background/gen_0393.jpg 563,7,708,81,0
/floyd/input/keys_and_background/gen_0392.jpg 158,9,354,182,0
/floyd/input/keys_and_background/gen_0391.jpg 29,532,244,703,0
/floyd/input/keys_and_background/gen_0390.jpg 444,427,624,580,0
/floyd/input/keys_and_background/gen_0389.jpg 166,521,245,598,0
/floyd/input/keys_and_background/gen_0388.jpg 411,69,556,202,0
/floyd/input/keys_and_background/gen_0387.jpg 570,187,719,335,0
/floyd/input/keys_and_background/gen_0386.jpg 123,389,364,628,0
/floyd/input/keys_and_background/gen_0385.jpg 328,586,372,673,0
/floyd/input/keys_and_background/gen_0384.jpg 620,285,750,398,0
/floyd/input/keys_and_background/gen_0383.jpg 100,368,291,541,0
/floyd/input/keys_and_background/gen_0382.jpg 154,383,235,490,0
/floyd/input/keys_and_background/gen_0381.jpg 273,521,411,625,0
/floyd/input/keys_and_background/gen_0380.jpg 176,169,248,329,0
/floyd/input/keys_and_background/gen_0379.jpg 439,590,644,738,0
/floyd/input/keys_and_background/gen_0378.jpg 138,545,292,710,0
/floyd/input/keys_and_background/gen_0377.jpg 170,573,289,763,0
/floyd/input/keys_and_background/gen_0376.jpg 327,372,541,606,0
/floyd/input/keys_and_background/gen_0375.jpg 18,40,254,254,0
/floyd/input/keys_and_background/gen_0374.jpg 9,230,151,430,0
/floyd/input/keys_and_background/gen_0373.jpg 510,553,707,701,0
/floyd/input/keys_and_background/gen_0372.jpg 107,115,170,142,0
/floyd/input/keys_and_background/gen_0371.jpg 403,564,551,714,0
/floyd/input/keys_and_background/gen_0370.jpg 384,397,593,576,0
/floyd/input/keys_and_background/gen_0369.jpg 45,179,271,411,0
/floyd/input/keys_and_background/gen_0368.jpg 30,538,167,671,0
/floyd/input/keys_and_background/gen_0367.jpg 58,60,308,304,0
/floyd/input/keys_and_background/gen_0366.jpg 67,531,240,694,0
/floyd/input/keys_and_background/gen_0365.jpg 38,336,137,443,0
/floyd/input/keys_and_background/gen_0364.jpg 199,644,348,757,0
/floyd/input/keys_and_background/gen_0363.jpg 425,268,599,426,0
/floyd/input/keys_and_background/gen_0362.jpg 404,87,632,248,0
/floyd/input/keys_and_background/gen_0361.jpg 343,364,557,554,0
/floyd/input/keys_and_background/gen_0360.jpg 148,43,291,186,0
/floyd/input/keys_and_background/gen_0359.jpg 539,558,597,620,0
/floyd/input/keys_and_background/gen_0358.jpg 18,477,151,575,0
/floyd/input/keys_and_background/gen_0357.jpg 128,332,331,514,0
/floyd/input/keys_and_background/gen_0356.jpg 147,494,187,555,0
/floyd/input/keys_and_background/gen_0355.jpg 227,376,276,491,0
/floyd/input/keys_and_background/gen_0354.jpg 387,524,522,679,0
/floyd/input/keys_and_background/gen_0353.jpg 552,382,720,535,0
/floyd/input/keys_and_background/gen_0352.jpg 557,537,701,672,0
/floyd/input/keys_and_background/gen_0351.jpg 324,492,451,543,0
/floyd/input/keys_and_background/gen_0350.jpg 43,160,219,328,0
/floyd/input/keys_and_background/gen_0349.jpg 221,579,324,701,0
/floyd/input/keys_and_background/gen_0348.jpg 621,195,707,267,0
/floyd/input/keys_and_background/gen_0347.jpg 394,537,571,782,0
/floyd/input/keys_and_background/gen_0346.jpg 268,308,427,486,0
/floyd/input/keys_and_background/gen_0345.jpg 228,323,337,566,0
/floyd/input/keys_and_background/gen_0344.jpg 203,77,281,122,0
/floyd/input/keys_and_background/gen_0343.jpg 170,528,234,689,0
/floyd/input/keys_and_background/gen_0342.jpg 249,184,385,262,0
/floyd/input/keys_and_background/gen_0341.jpg 59,297,177,357,0
/floyd/input/keys_and_background/gen_0340.jpg 674,443,722,525,0
/floyd/input/keys_and_background/gen_0339.jpg 265,174,434,346,0
/floyd/input/keys_and_background/gen_0338.jpg 138,95,284,298,0
/floyd/input/keys_and_background/gen_0337.jpg 309,381,379,432,0
/floyd/input/keys_and_background/gen_0336.jpg 540,569,680,678,0
/floyd/input/keys_and_background/gen_0335.jpg 278,282,387,374,0
/floyd/input/keys_and_background/gen_0334.jpg 469,301,643,545,0
/floyd/input/keys_and_background/gen_0333.jpg 549,582,681,699,0
/floyd/input/keys_and_background/gen_0332.jpg 56,373,140,608,0
/floyd/input/keys_and_background/gen_0331.jpg 442,587,608,756,0
/floyd/input/keys_and_background/gen_0330.jpg 247,124,307,202,0
/floyd/input/keys_and_background/gen_0329.jpg 320,214,544,461,0
/floyd/input/keys_and_background/gen_0328.jpg 435,543,518,621,0
/floyd/input/keys_and_background/gen_0327.jpg 436,677,489,767,0
/floyd/input/keys_and_background/gen_0326.jpg 210,65,284,248,0
/floyd/input/keys_and_background/gen_0325.jpg 509,362,720,607,0
/floyd/input/keys_and_background/gen_0324.jpg 327,190,480,342,0
/floyd/input/keys_and_background/gen_0323.jpg 293,558,389,645,0
/floyd/input/keys_and_background/gen_0322.jpg 36,51,119,117,0
/floyd/input/keys_and_background/gen_0321.jpg 257,270,384,489,0
/floyd/input/keys_and_background/gen_0320.jpg 474,355,650,548,0
/floyd/input/keys_and_background/gen_0319.jpg 124,283,210,354,0
/floyd/input/keys_and_background/gen_0318.jpg 55,252,141,351,0
/floyd/input/keys_and_background/gen_0317.jpg 154,126,235,188,0
/floyd/input/keys_and_background/gen_0316.jpg 379,276,620,490,0
/floyd/input/keys_and_background/gen_0315.jpg 303,496,535,728,0
/floyd/input/keys_and_background/gen_0314.jpg 460,619,630,771,0
/floyd/input/keys_and_background/gen_0313.jpg 655,476,715,579,0
/floyd/input/keys_and_background/gen_0312.jpg 65,369,256,436,0
/floyd/input/keys_and_background/gen_0311.jpg 109,134,200,203,0
/floyd/input/keys_and_background/gen_0310.jpg 213,319,298,458,0
/floyd/input/keys_and_background/gen_0309.jpg 432,412,548,462,0
/floyd/input/keys_and_background/gen_0308.jpg 606,211,750,370,0
/floyd/input/keys_and_background/gen_0307.jpg 346,265,491,486,0
/floyd/input/keys_and_background/gen_0306.jpg 537,270,646,371,0
/floyd/input/keys_and_background/gen_0305.jpg 82,418,285,656,0
/floyd/input/keys_and_background/gen_0304.jpg 336,77,469,189,0
/floyd/input/keys_and_background/gen_0303.jpg 596,118,798,232,0
/floyd/input/keys_and_background/gen_0302.jpg 260,446,400,642,0
/floyd/input/keys_and_background/gen_0301.jpg 1,418,192,646,0
/floyd/input/keys_and_background/gen_0300.jpg 466,328,533,378,0
/floyd/input/keys_and_background/gen_0299.jpg 542,266,583,329,0
/floyd/input/keys_and_background/gen_0298.jpg 434,382,639,604,0
/floyd/input/keys_and_background/gen_0297.jpg 398,174,473,264,0
/floyd/input/keys_and_background/gen_0296.jpg 177,676,268,726,0
/floyd/input/keys_and_background/gen_0295.jpg 457,508,701,728,0
/floyd/input/keys_and_background/gen_0294.jpg 623,243,737,347,0
/floyd/input/keys_and_background/gen_0293.jpg 107,379,170,504,0
/floyd/input/keys_and_background/gen_0292.jpg 71,337,131,427,0
/floyd/input/keys_and_background/gen_0291.jpg 443,217,528,335,0
/floyd/input/keys_and_background/gen_0290.jpg 59,479,235,668,0
/floyd/input/keys_and_background/gen_0289.jpg 53,137,301,236,0
/floyd/input/keys_and_background/gen_0288.jpg 56,594,104,708,0
/floyd/input/keys_and_background/gen_0287.jpg 482,430,667,633,0
/floyd/input/keys_and_background/gen_0286.jpg 551,146,580,217,0
/floyd/input/keys_and_background/gen_0285.jpg 372,479,526,692,0
/floyd/input/keys_and_background/gen_0284.jpg 51,486,148,579,0
/floyd/input/keys_and_background/gen_0283.jpg 65,272,220,491,0
/floyd/input/keys_and_background/gen_0282.jpg 48,125,128,203,0
/floyd/input/keys_and_background/gen_0281.jpg 164,462,236,521,0
/floyd/input/keys_and_background/gen_0280.jpg 308,217,453,384,0
/floyd/input/keys_and_background/gen_0279.jpg 290,12,441,154,0
/floyd/input/keys_and_background/gen_0278.jpg 405,117,458,202,0
/floyd/input/keys_and_background/gen_0277.jpg 231,151,332,295,0
/floyd/input/keys_and_background/gen_0276.jpg 486,224,537,304,0
/floyd/input/keys_and_background/gen_0275.jpg 505,4,570,133,0
/floyd/input/keys_and_background/gen_0274.jpg 116,228,215,320,0
/floyd/input/keys_and_background/gen_0273.jpg 286,455,381,640,0
/floyd/input/keys_and_background/gen_0272.jpg 97,322,339,557,0
/floyd/input/keys_and_background/gen_0271.jpg 540,347,613,531,0
/floyd/input/keys_and_background/gen_0270.jpg 685,367,761,442,0
/floyd/input/keys_and_background/gen_0269.jpg 114,312,270,464,0
/floyd/input/keys_and_background/gen_0268.jpg 105,414,160,483,0
/floyd/input/keys_and_background/gen_0267.jpg 329,518,523,707,0
/floyd/input/keys_and_background/gen_0266.jpg 607,70,740,215,0
/floyd/input/keys_and_background/gen_0265.jpg 24,415,122,532,0
/floyd/input/keys_and_background/gen_0264.jpg 60,210,281,351,0
/floyd/input/keys_and_background/gen_0263.jpg 558,254,697,378,0
/floyd/input/keys_and_background/gen_0262.jpg 373,79,589,315,0
/floyd/input/keys_and_background/gen_0261.jpg 501,317,654,501,0
/floyd/input/keys_and_background/gen_0260.jpg 239,46,370,160,0
/floyd/input/keys_and_background/gen_0259.jpg 335,85,454,191,0
/floyd/input/keys_and_background/gen_0258.jpg 275,278,410,431,0
/floyd/input/keys_and_background/gen_0257.jpg 31,89,179,194,0
/floyd/input/keys_and_background/gen_0256.jpg 293,72,435,200,0
/floyd/input/keys_and_background/gen_0255.jpg 279,414,453,537,0
/floyd/input/keys_and_background/gen_0254.jpg 367,500,471,590,0
/floyd/input/keys_and_background/gen_0253.jpg 461,145,523,173,0
/floyd/input/keys_and_background/gen_0252.jpg 4,24,208,196,0
/floyd/input/keys_and_background/gen_0251.jpg 12,26,161,194,0
/floyd/input/keys_and_background/gen_0250.jpg 510,214,675,413,0
/floyd/input/keys_and_background/gen_0249.jpg 437,159,554,277,0
/floyd/input/keys_and_background/gen_0248.jpg 323,567,441,689,0
/floyd/input/keys_and_background/gen_0247.jpg 587,213,724,275,0
/floyd/input/keys_and_background/gen_0246.jpg 66,557,170,621,0
/floyd/input/keys_and_background/gen_0245.jpg 351,377,563,458,0
/floyd/input/keys_and_background/gen_0244.jpg 677,214,775,288,0
/floyd/input/keys_and_background/gen_0243.jpg 558,121,789,358,0
/floyd/input/keys_and_background/gen_0242.jpg 438,454,578,557,0
/floyd/input/keys_and_background/gen_0241.jpg 165,129,403,345,0
/floyd/input/keys_and_background/gen_0240.jpg 310,98,406,178,0
/floyd/input/keys_and_background/gen_0239.jpg 627,60,749,189,0
/floyd/input/keys_and_background/gen_0238.jpg 146,292,355,412,0
/floyd/input/keys_and_background/gen_0237.jpg 294,419,471,498,0
/floyd/input/keys_and_background/gen_0236.jpg 234,354,469,565,0
/floyd/input/keys_and_background/gen_0235.jpg 340,181,546,300,0
/floyd/input/keys_and_background/gen_0234.jpg 505,311,615,390,0
/floyd/input/keys_and_background/gen_0233.jpg 550,121,773,333,0
/floyd/input/keys_and_background/gen_0232.jpg 407,490,488,623,0
/floyd/input/keys_and_background/gen_0231.jpg 489,572,686,671,0
/floyd/input/keys_and_background/gen_0230.jpg 44,572,197,747,0
/floyd/input/keys_and_background/gen_0229.jpg 15,138,169,184,0
/floyd/input/keys_and_background/gen_0228.jpg 589,362,763,568,0
/floyd/input/keys_and_background/gen_0227.jpg 557,118,630,219,0
/floyd/input/keys_and_background/gen_0226.jpg 225,596,359,663,0
/floyd/input/keys_and_background/gen_0225.jpg 228,231,335,317,0
/floyd/input/keys_and_background/gen_0224.jpg 656,246,714,376,0
/floyd/input/keys_and_background/gen_0223.jpg 469,287,572,396,0
/floyd/input/keys_and_background/gen_0222.jpg 213,114,333,234,0
/floyd/input/keys_and_background/gen_0221.jpg 483,214,580,305,0
/floyd/input/keys_and_background/gen_0220.jpg 462,549,702,767,0
/floyd/input/keys_and_background/gen_0219.jpg 277,213,360,261,0
/floyd/input/keys_and_background/gen_0218.jpg 51,466,115,554,0
/floyd/input/keys_and_background/gen_0217.jpg 14,84,232,161,0
/floyd/input/keys_and_background/gen_0216.jpg 182,288,408,391,0
/floyd/input/keys_and_background/gen_0215.jpg 232,117,458,319,0
/floyd/input/keys_and_background/gen_0214.jpg 183,482,271,680,0
/floyd/input/keys_and_background/gen_0213.jpg 362,577,439,710,0
/floyd/input/keys_and_background/gen_0212.jpg 102,459,337,703,0
/floyd/input/keys_and_background/gen_0211.jpg 346,471,503,645,0
/floyd/input/keys_and_background/gen_0210.jpg 24,46,192,278,0
/floyd/input/keys_and_background/gen_0209.jpg 229,449,308,510,0
/floyd/input/keys_and_background/gen_0208.jpg 128,454,292,577,0
/floyd/input/keys_and_background/gen_0207.jpg 568,132,728,284,0
/floyd/input/keys_and_background/gen_0206.jpg 568,34,716,244,0
/floyd/input/keys_and_background/gen_0205.jpg 13,293,137,402,0
/floyd/input/keys_and_background/gen_0204.jpg 518,52,637,287,0
/floyd/input/keys_and_background/gen_0203.jpg 215,247,445,455,0
/floyd/input/keys_and_background/gen_0202.jpg 507,177,583,392,0
/floyd/input/keys_and_background/gen_0201.jpg 482,514,712,745,0
/floyd/input/keys_and_background/gen_0200.jpg 43,406,106,464,0
/floyd/input/keys_and_background/gen_0199.jpg 98,273,268,414,0
/floyd/input/keys_and_background/gen_0198.jpg 429,336,589,428,0
/floyd/input/keys_and_background/gen_0197.jpg 41,566,74,626,0
/floyd/input/keys_and_background/gen_0196.jpg 573,151,636,218,0
/floyd/input/keys_and_background/gen_0195.jpg 415,76,556,205,0
/floyd/input/keys_and_background/gen_0194.jpg 241,528,299,624,0
/floyd/input/keys_and_background/gen_0193.jpg 292,320,535,548,0
/floyd/input/keys_and_background/gen_0192.jpg 169,291,413,500,0
/floyd/input/keys_and_background/gen_0191.jpg 512,318,574,369,0
/floyd/input/keys_and_background/gen_0190.jpg 688,446,719,522,0
/floyd/input/keys_and_background/gen_0189.jpg 160,220,302,310,0
/floyd/input/keys_and_background/gen_0188.jpg 353,34,449,157,0
/floyd/input/keys_and_background/gen_0187.jpg 56,395,201,524,0
/floyd/input/keys_and_background/gen_0186.jpg 336,65,421,164,0
/floyd/input/keys_and_background/gen_0185.jpg 400,317,643,544,0
/floyd/input/keys_and_background/gen_0184.jpg 186,313,299,434,0
/floyd/input/keys_and_background/gen_0183.jpg 343,25,498,224,0
/floyd/input/keys_and_background/gen_0182.jpg 202,291,265,313,0
/floyd/input/keys_and_background/gen_0181.jpg 465,164,619,276,0
/floyd/input/keys_and_background/gen_0180.jpg 116,334,178,457,0
/floyd/input/keys_and_background/gen_0179.jpg 393,79,454,132,0
/floyd/input/keys_and_background/gen_0178.jpg 89,291,248,435,0
/floyd/input/keys_and_background/gen_0177.jpg 229,387,318,596,0
/floyd/input/keys_and_background/gen_0176.jpg 623,202,722,311,0
/floyd/input/keys_and_background/gen_0175.jpg 356,450,534,582,0
/floyd/input/keys_and_background/gen_0174.jpg 363,434,565,650,0
/floyd/input/keys_and_background/gen_0173.jpg 567,44,776,127,0
/floyd/input/keys_and_background/gen_0172.jpg 371,414,608,615,0
/floyd/input/keys_and_background/gen_0171.jpg 331,482,468,561,0
/floyd/input/keys_and_background/gen_0170.jpg 145,160,367,394,0
/floyd/input/keys_and_background/gen_0169.jpg 566,392,665,484,0
/floyd/input/keys_and_background/gen_0168.jpg 237,326,397,552,0
/floyd/input/keys_and_background/gen_0167.jpg 631,172,746,290,0
/floyd/input/keys_and_background/gen_0166.jpg 232,280,467,528,0
/floyd/input/keys_and_background/gen_0165.jpg 191,499,266,572,0
/floyd/input/keys_and_background/gen_0164.jpg 96,76,224,221,0
/floyd/input/keys_and_background/gen_0163.jpg 138,367,220,435,0
/floyd/input/keys_and_background/gen_0162.jpg 451,394,687,635,0
/floyd/input/keys_and_background/gen_0161.jpg 7,518,106,690,0
/floyd/input/keys_and_background/gen_0160.jpg 277,637,319,731,0
/floyd/input/keys_and_background/gen_0159.jpg 195,15,299,129,0
/floyd/input/keys_and_background/gen_0158.jpg 237,200,317,263,0
/floyd/input/keys_and_background/gen_0157.jpg 480,7,704,144,0
/floyd/input/keys_and_background/gen_0156.jpg 264,397,339,559,0
/floyd/input/keys_and_background/gen_0155.jpg 118,637,222,702,0
/floyd/input/keys_and_background/gen_0154.jpg 558,542,744,677,0
/floyd/input/keys_and_background/gen_0153.jpg 449,104,505,181,0
/floyd/input/keys_and_background/gen_0152.jpg 26,209,251,445,0
/floyd/input/keys_and_background/gen_0151.jpg 143,527,313,696,0
/floyd/input/keys_and_background/gen_0150.jpg 235,251,364,358,0
/floyd/input/keys_and_background/gen_0149.jpg 549,666,654,758,0
/floyd/input/keys_and_background/gen_0148.jpg 481,362,564,445,0
/floyd/input/keys_and_background/gen_0147.jpg 119,285,209,382,0
/floyd/input/keys_and_background/gen_0146.jpg 146,305,356,550,0
/floyd/input/keys_and_background/gen_0145.jpg 88,292,182,385,0
/floyd/input/keys_and_background/gen_0144.jpg 141,68,375,188,0
/floyd/input/keys_and_background/gen_0143.jpg 485,342,670,468,0
/floyd/input/keys_and_background/gen_0142.jpg 98,2,315,89,0
/floyd/input/keys_and_background/gen_0141.jpg 345,301,435,528,0
/floyd/input/keys_and_background/gen_0140.jpg 492,240,669,382,0
/floyd/input/keys_and_background/gen_0139.jpg 588,29,783,127,0
/floyd/input/keys_and_background/gen_0138.jpg 153,124,354,240,0
/floyd/input/keys_and_background/gen_0137.jpg 215,275,327,403,0
/floyd/input/keys_and_background/gen_0136.jpg 566,37,662,183,0
/floyd/input/keys_and_background/gen_0135.jpg 354,13,595,253,0
/floyd/input/keys_and_background/gen_0134.jpg 583,300,656,366,0
/floyd/input/keys_and_background/gen_0133.jpg 250,380,412,520,0
/floyd/input/keys_and_background/gen_0132.jpg 465,50,701,134,0
/floyd/input/keys_and_background/gen_0131.jpg 589,504,729,624,0
/floyd/input/keys_and_background/gen_0130.jpg 200,94,345,326,0
/floyd/input/keys_and_background/gen_0129.jpg 458,311,660,506,0
/floyd/input/keys_and_background/gen_0128.jpg 269,431,431,500,0
/floyd/input/keys_and_background/gen_0127.jpg 297,144,513,380,0
/floyd/input/keys_and_background/gen_0126.jpg 590,509,616,597,0
/floyd/input/keys_and_background/gen_0125.jpg 417,99,517,212,0
/floyd/input/keys_and_background/gen_0124.jpg 167,178,231,356,0
/floyd/input/keys_and_background/gen_0123.jpg 340,650,437,778,0
/floyd/input/keys_and_background/gen_0122.jpg 98,557,239,704,0
/floyd/input/keys_and_background/gen_0121.jpg 112,181,171,329,0
/floyd/input/keys_and_background/gen_0120.jpg 596,69,695,154,0
/floyd/input/keys_and_background/gen_0119.jpg 136,443,223,540,0
/floyd/input/keys_and_background/gen_0118.jpg 475,93,648,284,0
/floyd/input/keys_and_background/gen_0117.jpg 74,199,226,254,0
/floyd/input/keys_and_background/gen_0116.jpg 653,332,711,394,0
/floyd/input/keys_and_background/gen_0115.jpg 506,537,693,678,0
/floyd/input/keys_and_background/gen_0114.jpg 271,477,459,624,0
/floyd/input/keys_and_background/gen_0113.jpg 118,299,271,517,0
/floyd/input/keys_and_background/gen_0112.jpg 136,270,342,472,0
/floyd/input/keys_and_background/gen_0111.jpg 274,216,410,369,0
/floyd/input/keys_and_background/gen_0110.jpg 476,346,588,447,0
/floyd/input/keys_and_background/gen_0109.jpg 165,213,225,273,0
/floyd/input/keys_and_background/gen_0108.jpg 17,74,229,181,0
/floyd/input/keys_and_background/gen_0107.jpg 404,496,625,717,0
/floyd/input/keys_and_background/gen_0106.jpg 459,429,683,597,0
/floyd/input/keys_and_background/gen_0105.jpg 454,283,700,406,0
/floyd/input/keys_and_background/gen_0104.jpg 448,312,473,382,0
/floyd/input/keys_and_background/gen_0103.jpg 290,460,363,525,0
/floyd/input/keys_and_background/gen_0102.jpg 37,9,115,98,0
/floyd/input/keys_and_background/gen_0101.jpg 505,529,632,711,0
/floyd/input/keys_and_background/gen_0100.jpg 449,515,607,612,0
/floyd/input/keys_and_background/gen_0099.jpg 310,397,377,502,0
/floyd/input/keys_and_background/gen_0098.jpg 349,457,472,634,0
/floyd/input/keys_and_background/gen_0097.jpg 81,476,220,663,0
/floyd/input/keys_and_background/gen_0096.jpg 96,562,270,719,0
/floyd/input/keys_and_background/gen_0095.jpg 691,301,762,383,0
/floyd/input/keys_and_background/gen_0094.jpg 244,234,352,334,0
/floyd/input/keys_and_background/gen_0093.jpg 64,238,261,467,0
/floyd/input/keys_and_background/gen_0092.jpg 359,18,447,106,0
/floyd/input/keys_and_background/gen_0091.jpg 299,488,434,644,0
/floyd/input/keys_and_background/gen_0090.jpg 9,316,220,400,0
/floyd/input/keys_and_background/gen_0089.jpg 117,548,351,797,0
/floyd/input/keys_and_background/gen_0088.jpg 341,447,395,513,0
/floyd/input/keys_and_background/gen_0087.jpg 8,545,181,597,0
/floyd/input/keys_and_background/gen_0086.jpg 594,119,668,292,0
/floyd/input/keys_and_background/gen_0085.jpg 146,87,249,181,0
/floyd/input/keys_and_background/gen_0084.jpg 87,257,249,490,0
/floyd/input/keys_and_background/gen_0083.jpg 399,131,498,302,0
/floyd/input/keys_and_background/gen_0082.jpg 286,473,512,712,0
/floyd/input/keys_and_background/gen_0081.jpg 31,418,215,652,0
/floyd/input/keys_and_background/gen_0080.jpg 659,357,725,426,0
/floyd/input/keys_and_background/gen_0079.jpg 318,590,474,786,0
/floyd/input/keys_and_background/gen_0078.jpg 448,706,480,774,0
/floyd/input/keys_and_background/gen_0077.jpg 547,3,596,68,0
/floyd/input/keys_and_background/gen_0076.jpg 81,175,181,246,0
/floyd/input/keys_and_background/gen_0075.jpg 158,405,345,537,0
/floyd/input/keys_and_background/gen_0074.jpg 705,137,739,218,0
/floyd/input/keys_and_background/gen_0073.jpg 7,218,174,324,0
/floyd/input/keys_and_background/gen_0072.jpg 338,121,494,329,0
/floyd/input/keys_and_background/gen_0071.jpg 437,281,638,463,0
/floyd/input/keys_and_background/gen_0070.jpg 575,106,662,155,0
/floyd/input/keys_and_background/gen_0069.jpg 529,94,688,253,0
/floyd/input/keys_and_background/gen_0068.jpg 540,458,617,540,0
/floyd/input/keys_and_background/gen_0067.jpg 367,143,430,226,0
/floyd/input/keys_and_background/gen_0066.jpg 164,251,360,451,0
/floyd/input/keys_and_background/gen_0065.jpg 408,323,514,444,0
/floyd/input/keys_and_background/gen_0064.jpg 97,502,189,571,0
/floyd/input/keys_and_background/gen_0063.jpg 485,397,680,591,0
/floyd/input/keys_and_background/gen_0062.jpg 141,136,221,216,0
/floyd/input/keys_and_background/gen_0061.jpg 459,360,554,462,0
/floyd/input/keys_and_background/gen_0060.jpg 138,445,248,553,0
/floyd/input/keys_and_background/gen_0059.jpg 237,282,446,471,0
/floyd/input/keys_and_background/gen_0058.jpg 134,602,194,696,0
/floyd/input/keys_and_background/gen_0057.jpg 180,415,279,487,0
/floyd/input/keys_and_background/gen_0056.jpg 432,569,555,681,0
/floyd/input/keys_and_background/gen_0055.jpg 304,448,425,609,0
/floyd/input/keys_and_background/gen_0054.jpg 417,324,550,553,0
/floyd/input/keys_and_background/gen_0053.jpg 431,291,596,469,0
/floyd/input/keys_and_background/gen_0052.jpg 533,142,712,389,0
/floyd/input/keys_and_background/gen_0051.jpg 668,458,705,547,0
/floyd/input/keys_and_background/gen_0050.jpg 575,175,671,367,0
/floyd/input/keys_and_background/gen_0049.jpg 220,578,290,648,0
/floyd/input/keys_and_background/gen_0048.jpg 568,125,698,255,0
/floyd/input/keys_and_background/gen_0047.jpg 192,575,264,627,0
/floyd/input/keys_and_background/gen_0046.jpg 584,579,717,673,0
/floyd/input/keys_and_background/gen_0045.jpg 504,301,710,510,0
/floyd/input/keys_and_background/gen_0044.jpg 504,90,552,224,0
/floyd/input/keys_and_background/gen_0043.jpg 444,66,647,256,0
/floyd/input/keys_and_background/gen_0042.jpg 146,455,369,699,0
/floyd/input/keys_and_background/gen_0041.jpg 426,127,484,291,0
/floyd/input/keys_and_background/gen_0040.jpg 410,65,618,311,0
/floyd/input/keys_and_background/gen_0039.jpg 199,190,389,398,0
/floyd/input/keys_and_background/gen_0038.jpg 528,665,601,714,0
/floyd/input/keys_and_background/gen_0037.jpg 305,302,432,436,0
/floyd/input/keys_and_background/gen_0036.jpg 449,361,593,512,0
/floyd/input/keys_and_background/gen_0035.jpg 497,530,644,688,0
/floyd/input/keys_and_background/gen_0034.jpg 502,473,589,563,0
/floyd/input/keys_and_background/gen_0033.jpg 301,692,341,797,0
/floyd/input/keys_and_background/gen_0032.jpg 207,151,422,354,0
/floyd/input/keys_and_background/gen_0031.jpg 555,473,730,637,0
/floyd/input/keys_and_background/gen_0030.jpg 463,487,631,631,0
/floyd/input/keys_and_background/gen_0029.jpg 5,225,63,291,0
/floyd/input/keys_and_background/gen_0028.jpg 79,170,164,248,0
/floyd/input/keys_and_background/gen_0027.jpg 169,488,235,580,0
/floyd/input/keys_and_background/gen_0026.jpg 570,615,731,782,0
/floyd/input/keys_and_background/gen_0025.jpg 187,346,292,407,0
/floyd/input/keys_and_background/gen_0024.jpg 365,170,437,212,0
/floyd/input/keys_and_background/gen_0023.jpg 522,197,745,366,0
/floyd/input/keys_and_background/gen_0022.jpg 221,10,300,126,0
/floyd/input/keys_and_background/gen_0021.jpg 62,652,93,714,0
/floyd/input/keys_and_background/gen_0020.jpg 253,421,353,660,0
/floyd/input/keys_and_background/gen_0019.jpg 541,49,706,165,0
/floyd/input/keys_and_background/gen_0018.jpg 28,51,138,98,0
/floyd/input/keys_and_background/gen_0017.jpg 25,243,229,472,0
/floyd/input/keys_and_background/gen_0016.jpg 290,115,417,179,0
/floyd/input/keys_and_background/gen_0015.jpg 327,307,404,381,0
/floyd/input/keys_and_background/gen_0014.jpg 442,463,512,551,0
/floyd/input/keys_and_background/gen_0013.jpg 438,321,583,474,0
/floyd/input/keys_and_background/gen_0012.jpg 164,61,385,262,0
/floyd/input/keys_and_background/gen_0011.jpg 207,183,377,337,0
/floyd/input/keys_and_background/gen_0010.jpg 653,146,774,270,0
/floyd/input/keys_and_background/gen_0009.jpg 161,511,233,590,0
/floyd/input/keys_and_background/gen_0008.jpg 538,246,686,406,0
/floyd/input/keys_and_background/gen_0007.jpg 329,382,395,444,0
/floyd/input/keys_and_background/gen_0006.jpg 377,527,530,721,0
/floyd/input/keys_and_background/gen_0005.jpg 102,84,178,147,0
/floyd/input/keys_and_background/gen_0004.jpg 410,638,553,763,0
/floyd/input/keys_and_background/gen_0003.jpg 340,211,514,349,0
/floyd/input/keys_and_background/gen_0002.jpg 58,235,254,405,0
/floyd/input/keys_and_background/gen_0001.jpg 22,141,232,362,0
